1001,Shadows Over Mars,Evelyn Archer,Book,20,1,5.00
1002,The Last Ember,Marcus Reed,Book,20,1,5.00
1003,Whispers of the Past,Lila Moreno,Book,20,1,5.00
1004,Beneath the Silver Sky,Arthus Quinn,Book,20,1,5.00
1005,The Forgotten Garden,Sienna Blake,Book,20,1,5.00
1006,Echoes of the Storm,Julian Hawthorne,Book,20,1,5.00
1007,The Sapphire Heist,Naomi K. Lewis,Book,20,1,5.00
1008,A Time of Ashes,Connor Easton,Book,20,1,5.00
1009,The Ninth Oracle,Gabriella Song,Book,20,1,5.00
1010,Beyond the Horizon,Derek Miles,Book,20,1,5.00
1011,Whispers in the Dark,Starlight CinemaWorks,Movie,20,1,5.00
1012,The Last Sunset,Starlight CinemaWorks,Movie,20,1,5.00
1013,Echoes of Tomorrow,Moonbeam Studios,Movie,20,1,5.00
1014,Beneath the Crimson Moon,Moonbeam Studios,Movie,20,1,5.00
1015,Riders of the Storm,Emerald Horizon Films,Movie,20,1,5.00
1016,The Forgotten Valley,Emerald Horizon Films,Movie,20,1,5.00
1017,Beyond the Shadows,Silver Screen Dynamics,Movie,20,1,5.00
1018,The Sapphire Curse,Silver Screen Dynamics,Movie,20,1,5.00
1019,Guardians of the Light,NovaEcho Productions,Movie,20,1,5.00
1020,The Quantum Heist,NovaEcho Productions,Movie,20,1,5.00
1021,Global Explorer,Gloss & Glam Media Co.,Magazine,20,1,5.00
1022,EcoFuture,Gloss & Glam Media Co.,Magazine,20,1,5.00
1023,Tech Frontier,Inkwell Publishing House,Magazine,20,1,5.00
1024,Culinary Art,Inkwell Publishing House,Magazine,20,1,5.00
1025,Mindful Living,Spectrum Editions Ltd.,Magazine,20,1,5.00
1026,Trendsetter,Spectrum Editions Ltd.,Magazine,20,1,5.00
1027,Artisan Craft,Pinnacle Printworks,Magazine,20,1,5.00
1028,Elite Fitness,Pinnacle Printworks,Magazine,20,1,5.00
1029,Historical Times,Zenith Magazines Group,Magazine,20,1,5.00
1030,AstroQuest,Zenith Magazines Group,Magazine,20,1,5.00
