102,1004,Beneath the Silver Sky | Arthus Quinn | Book | 20 Available copies.,1008,A Time of Ashes | Connor Easton | Book | 20 Available copies.
102,1004,Beneath the Silver Sky | Arthus Quinn | Book | 20 Available copies.,1007,The Sapphire Heist | Naomi K. Lewis | Book | 20 Available copies.,1009,The Ninth Oracle | Gabriella Song | Book | 20 Available copies.
102,1004,Beneath the Silver Sky | Arthus Quinn | Book | 20 Available copies.,1007,The Sapphire Heist | Naomi K. Lewis | Book | 20 Available copies.,1009,The Ninth Oracle | Gabriella Song | Book | 20 Available copies.
1002,1004,Beneath the Silver Sky | Arthus Quinn | Book | 20 Available copies.,1007,The Sapphire Heist | Naomi K. Lewis | Book | 20 Available copies.,1009,The Ninth Oracle | Gabriella Song | Book | 20 Available copies.
1002,1004,Beneath the Silver Sky | Arthus Quinn | Book | 20 Available copies.,1006,Echoes of the Storm | Julian Hawthorne | Book | 20 Available copies.,1008,A Time of Ashes | Connor Easton | Book | 20 Available copies.
1002,1004,Beneath the Silver Sky | Arthus Quinn | Book | 20 Available copies.,1006,Echoes of the Storm | Julian Hawthorne | Book | 20 Available copies.,1008,A Time of Ashes | Connor Easton | Book | 20 Available copies.
1002,1004,Beneath the Silver Sky | Arthus Quinn | Book | 20 Available copies.,1006,Echoes of the Storm | Julian Hawthorne | Book | 20 Available copies.,1008,A Time of Ashes | Connor Easton | Book | 20 Available copies.
1002,1004,Beneath the Silver Sky | Arthus Quinn | Book | 20 Available copies.,1006,Echoes of the Storm | Julian Hawthorne | Book | 20 Available copies.,1008,A Time of Ashes | Connor Easton | Book | 20 Available copies.
1002,1004,Beneath the Silver Sky | Arthus Quinn | Book | 20 Available copies.,1006,Echoes of the Storm | Julian Hawthorne | Book | 20 Available copies.,1008,A Time of Ashes | Connor Easton | Book | 20 Available copies.
1002
1002
1002
1002
1002
1002
1002
1002
120,1013,Echoes of Tomorrow | Moonbeam Studios | Movie | 20 Available copies.,1014,Beneath the Crimson Moon | Moonbeam Studios | Movie | 20 Available copies.,1001,Shadows Over Mars | Evelyn Archer | Book | 20 Available copies.
120,1001,Shadows Over Mars | Evelyn Archer | Book | 20 Available copies.,1009,The Ninth Oracle | Gabriella Song | Book | 20 Available copies.
