UserID,ItemID,Title,Author,ItemType,DaysBorrowed,IsLost
1002,1001,Shadows Over Mars,Evelyn Archer,Book,0,no
1002,1004,Beneath the Silver Sky,Arthus Quinn,Book,0,no
1002,1001,Shadows Over Mars,Evelyn Archer,Book,0,no
1002,1001,Shadows Over Mars,Evelyn Archer,Book,0,no
1002,1004,Beneath the Silver Sky,Arthus Quinn,Book,0,no
1002,1001,Shadows Over Mars,Evelyn Archer,Book,0,no
1002,1002,The Last Ember,Marcus Reed,Book,0,no
1002,1001,Shadows Over Mars,Evelyn Archer,Book,0,no
1002,1001,Shadows Over Mars,Evelyn Archer,Book,0,no
1002,1007,The Sapphire Heist,Naomi K. Lewis,Book,0,no
1002,1010,Beyond the Horizon,Derek Miles,Book,0,no
1002,1003,Whispers of the Past,Lila Moreno,Book,0,no
1002,1007,The Sapphire Heist,Naomi K. Lewis,Book,0,no
1002,1015,Riders of the Storm,Emerald Horizon Films,Movie,0,no
1002,1003,Whispers of the Past,Lila Moreno,Book,0,no
1002,1005,The Forgotten Garden,Sienna Blake,Book,0,no
1002,1007,The Sapphire Heist,Naomi K. Lewis,Book,0,no
1002,1004,Beneath the Silver Sky,Arthus Quinn,Book,0,no
1002,1006,Echoes of the Storm,Julian Hawthorne,Book,0,no
1002,1009,The Ninth Oracle,Gabriella Song,Book,0,no
1002,1002,The Last Ember,Marcus Reed,Book,0,no
1002,1006,Echoes of the Storm,Julian Hawthorne,Book,0,no
1002,1005,The Forgotten Garden,Sienna Blake,Book,0,no
1002,1003,Whispers of the Past,Lila Moreno,Book,0,no
1002,1005,The Forgotten Garden,Sienna Blake,Book,0,no
1002,1007,The Sapphire Heist,Naomi K. Lewis,Book,0,no
1002,1014,Beneath the Crimson Moon,Moonbeam Studios,Movie,0,no
