500,Principles of Modern Economics,ECON 1000,Alexander Knight,W
501,The Quantum Universe: An Introduction,SCIE 1000,Dr. Lara Zheng,F
502,Advanced Algorithms and Data Structures,EECS 2011,Michael Torvalds,S
503,The History of Western Art,ARTS 2050,Elizabeth Rousseau,W
504,Mechanics of Materials,MECH 1020,Dr. Henry Jamal,F
505,Global Politics: A New Approach,POLI 3000,Prof. Carlos Mendoza,S
506,Environmental Science: Earth as a Living Planet,SCIE 2450,Dr. Naomi Watts,W
507,Cultural Anthropology in a Globalizing World,ANTH 2000,Sandra Dee,F
508,Introduction to Clinical Psychology,PSYC 1300,Patricia Johnson,S
509,Organic Chemistry: Structure and Function,SCIE 2000,Viktor Kovalenko,W
510,Fundamentals of Corporate Finance,FINC 2030,Sarah Lin,F
511,The Dynamics of Mass Communication,COMM 2000,Leo Franklin,S
512,Modern Database Management,EECS 3400,Priya Singh,W
513,Principles of Biochemistry,BIOC 2300,Dr. Harriet Oswald,F
514,Strategic Management and Competitive Advantage,MGMT 5000,Gilbert Strang,S
515,Introduction to Particle Physics,PHYS 2000,Dr. Klaus Schmidt,W
516,Philosophies of Education: A Contemporary Analysis,SOCS 3000,Maya Chen,F
517,Sociology: Understanding and Changing the Social World,SOCS 1000,Prof. Samuel Jackson,S
518,Comparative Literature: Across Cultures and Genres,LITR 3500,Anita Desai,W
519,Digital Marketing: Strategies and Insights,MARK 2100,Omar Farooq,F
